files,labels
112_401.mp3,112
112_402.mp3,112
112_403.mp3,112
112_404.mp3,112
112_405.mp3,112
112_406.mp3,112
112_407.mp3,112
112_408.mp3,112
112_409.mp3,112
112_410.mp3,112
112_411.mp3,112
112_412.mp3,112
112_413.mp3,112
112_414.mp3,112
112_415.mp3,112
112_416.mp3,112
112_417.mp3,112
112_418.mp3,112
112_419.mp3,112
112_420.mp3,112
112_421.mp3,112
112_422.mp3,112
112_423.mp3,112
112_424.mp3,112
112_425.mp3,112
112_426.mp3,112
112_427.mp3,112
112_428.mp3,112
112_429.mp3,112
112_430.mp3,112
112_431.mp3,112
112_432.mp3,112
112_433.mp3,112
112_434.mp3,112
112_435.mp3,112
112_436.mp3,112
112_437.mp3,112
112_438.mp3,112
112_439.mp3,112
112_440.mp3,112
112_441.mp3,112
112_442.mp3,112
112_443.mp3,112
112_444.mp3,112
112_445.mp3,112
112_446.mp3,112
112_447.mp3,112
112_448.mp3,112
112_449.mp3,112
112_450.mp3,112
112_451.mp3,112
112_452.mp3,112
112_453.mp3,112
112_454.mp3,112
112_455.mp3,112
112_456.mp3,112
112_457.mp3,112
112_458.mp3,112
113_401.mp3,113
113_402.mp3,113
113_403.mp3,113
113_404.mp3,113
113_405.mp3,113
113_406.mp3,113
113_407.mp3,113
113_408.mp3,113
113_409.mp3,113
113_410.mp3,113
113_411.mp3,113
113_412.mp3,113
113_413.mp3,113
113_414.mp3,113
113_415.mp3,113
113_416.mp3,113
113_417.mp3,113
113_418.mp3,113
113_419.mp3,113
113_420.mp3,113
113_421.mp3,113
113_422.mp3,113
113_423.mp3,113
113_424.mp3,113
113_425.mp3,113
113_426.mp3,113
113_427.mp3,113
113_428.mp3,113
113_429.mp3,113
113_430.mp3,113
113_431.mp3,113
113_432.mp3,113
113_433.mp3,113
113_434.mp3,113
113_435.mp3,113
113_436.mp3,113
113_437.mp3,113
113_438.mp3,113
113_439.mp3,113
113_440.mp3,113
113_441.mp3,113
113_442.mp3,113
113_443.mp3,113
113_444.mp3,113
113_445.mp3,113
113_446.mp3,113
113_447.mp3,113
113_448.mp3,113
113_449.mp3,113
113_450.mp3,113
113_451.mp3,113
113_452.mp3,113
113_453.mp3,113
113_454.mp3,113
113_455.mp3,113
113_456.mp3,113
113_457.mp3,113
113_458.mp3,113
114_401.mp3,114
114_402.mp3,114
114_403.mp3,114
114_404.mp3,114
114_405.mp3,114
114_406.mp3,114
114_407.mp3,114
114_408.mp3,114
114_409.mp3,114
114_410.mp3,114
114_411.mp3,114
114_412.mp3,114
114_413.mp3,114
114_414.mp3,114
114_415.mp3,114
114_416.mp3,114
114_417.mp3,114
114_418.mp3,114
114_419.mp3,114
114_420.mp3,114
114_421.mp3,114
114_422.mp3,114
114_423.mp3,114
114_424.mp3,114
114_425.mp3,114
114_426.mp3,114
114_427.mp3,114
114_428.mp3,114
114_429.mp3,114
114_430.mp3,114
114_431.mp3,114
114_432.mp3,114
114_433.mp3,114
114_434.mp3,114
114_435.mp3,114
114_436.mp3,114
114_437.mp3,114
114_438.mp3,114
114_439.mp3,114
114_440.mp3,114
114_441.mp3,114
114_442.mp3,114
114_443.mp3,114
114_444.mp3,114
114_445.mp3,114
114_446.mp3,114
114_447.mp3,114
114_448.mp3,114
114_449.mp3,114
114_450.mp3,114
114_451.mp3,114
114_452.mp3,114
114_453.mp3,114
114_454.mp3,114
114_455.mp3,114
114_456.mp3,114
114_457.mp3,114
114_458.mp3,114
114_459.mp3,114
114_460.mp3,114
114_461.mp3,114
