files,labels,newfilename
101_406.mp3,101,0001.mp3
108_428.mp3,108,0002.mp3
109_446.mp3,109,0003.mp3
112_450.mp3,112,0004.mp3
102_429.mp3,102,0005.mp3
108_422.mp3,108,0006.mp3
104_435.mp3,104,0007.mp3
103_461.mp3,103,0008.mp3
107_419.mp3,107,0009.mp3
109_407.mp3,109,0010.mp3
110_420.mp3,110,0011.mp3
103_433.mp3,103,0012.mp3
104_470.mp3,104,0013.mp3
103_463.mp3,103,0014.mp3
108_433.mp3,108,0015.mp3
106_467.mp3,106,0016.mp3
102_411.mp3,102,0017.mp3
104_474.mp3,104,0018.mp3
113_417.mp3,113,0019.mp3
114_440.mp3,114,0020.mp3
104_469.mp3,104,0021.mp3
105_424.mp3,105,0022.mp3
111_421.mp3,111,0023.mp3
105_414.mp3,105,0024.mp3
109_465.mp3,109,0025.mp3
110_417.mp3,110,0026.mp3
109_452.mp3,109,0027.mp3
113_411.mp3,113,0028.mp3
110_403.mp3,110,0029.mp3
107_450.mp3,107,0030.mp3
101_443.mp3,101,0031.mp3
104_459.mp3,104,0032.mp3
112_436.mp3,112,0033.mp3
103_458.mp3,103,0034.mp3
106_458.mp3,106,0035.mp3
105_466.mp3,105,0036.mp3
100_445.mp3,100,0037.mp3
101_428.mp3,101,0038.mp3
110_405.mp3,110,0039.mp3
114_453.mp3,114,0040.mp3
104_422.mp3,104,0041.mp3
107_472.mp3,107,0042.mp3
112_416.mp3,112,0043.mp3
100_409.mp3,100,0044.mp3
108_434.mp3,108,0045.mp3
102_428.mp3,102,0046.mp3
111_470.mp3,111,0047.mp3
112_434.mp3,112,0048.mp3
109_447.mp3,109,0049.mp3
113_434.mp3,113,0050.mp3
101_400.mp3,101,0051.mp3
110_430.mp3,110,0052.mp3
109_454.mp3,109,0053.mp3
107_448.mp3,107,0054.mp3
111_413.mp3,111,0055.mp3
101_429.mp3,101,0056.mp3
106_426.mp3,106,0057.mp3
108_469.mp3,108,0058.mp3
113_415.mp3,113,0059.mp3
107_424.mp3,107,0060.mp3
108_447.mp3,108,0061.mp3
107_445.mp3,107,0062.mp3
107_426.mp3,107,0063.mp3
106_470.mp3,106,0064.mp3
108_461.mp3,108,0065.mp3
101_435.mp3,101,0066.mp3
111_469.mp3,111,0067.mp3
109_401.mp3,109,0068.mp3
113_401.mp3,113,0069.mp3
100_432.mp3,100,0070.mp3
114_403.mp3,114,0071.mp3
112_459.mp3,112,0072.mp3
106_465.mp3,106,0073.mp3
100_431.mp3,100,0074.mp3
113_448.mp3,113,0075.mp3
111_451.mp3,111,0076.mp3
108_451.mp3,108,0077.mp3
102_408.mp3,102,0078.mp3
114_439.mp3,114,0079.mp3
107_427.mp3,107,0080.mp3
110_435.mp3,110,0081.mp3
104_443.mp3,104,0082.mp3
112_468.mp3,112,0083.mp3
104_471.mp3,104,0084.mp3
101_445.mp3,101,0085.mp3
114_448.mp3,114,0086.mp3
111_459.mp3,111,0087.mp3
104_436.mp3,104,0088.mp3
110_460.mp3,110,0089.mp3
105_426.mp3,105,0090.mp3
113_429.mp3,113,0091.mp3
102_409.mp3,102,0092.mp3
114_417.mp3,114,0093.mp3
104_460.mp3,104,0094.mp3
112_471.mp3,112,0095.mp3
101_444.mp3,101,0096.mp3
114_432.mp3,114,0097.mp3
109_421.mp3,109,0098.mp3
110_416.mp3,110,0099.mp3
102_460.mp3,102,0100.mp3
102_470.mp3,102,0101.mp3
104_451.mp3,104,0102.mp3
108_415.mp3,108,0103.mp3
101_449.mp3,101,0104.mp3
101_474.mp3,101,0105.mp3
105_446.mp3,105,0106.mp3
105_451.mp3,105,0107.mp3
112_455.mp3,112,0108.mp3
105_455.mp3,105,0109.mp3
107_411.mp3,107,0110.mp3
112_454.mp3,112,0111.mp3
114_463.mp3,114,0112.mp3
106_432.mp3,106,0113.mp3
105_418.mp3,105,0114.mp3
110_431.mp3,110,0115.mp3
105_449.mp3,105,0116.mp3
100_448.mp3,100,0117.mp3
109_442.mp3,109,0118.mp3
113_453.mp3,113,0119.mp3
106_403.mp3,106,0120.mp3
113_457.mp3,113,0121.mp3
102_400.mp3,102,0122.mp3
108_400.mp3,108,0123.mp3
103_427.mp3,103,0124.mp3
111_449.mp3,111,0125.mp3
100_466.mp3,100,0126.mp3
112_462.mp3,112,0127.mp3
100_450.mp3,100,0128.mp3
111_426.mp3,111,0129.mp3
112_427.mp3,112,0130.mp3
103_457.mp3,103,0131.mp3
114_425.mp3,114,0132.mp3
101_458.mp3,101,0133.mp3
110_452.mp3,110,0134.mp3
108_464.mp3,108,0135.mp3
109_428.mp3,109,0136.mp3
114_430.mp3,114,0137.mp3
113_413.mp3,113,0138.mp3
113_440.mp3,113,0139.mp3
100_427.mp3,100,0140.mp3
109_450.mp3,109,0141.mp3
107_417.mp3,107,0142.mp3
103_406.mp3,103,0143.mp3
113_464.mp3,113,0144.mp3
106_439.mp3,106,0145.mp3
106_404.mp3,106,0146.mp3
110_409.mp3,110,0147.mp3
113_463.mp3,113,0148.mp3
107_473.mp3,107,0149.mp3
113_430.mp3,113,0150.mp3
108_430.mp3,108,0151.mp3
112_429.mp3,112,0152.mp3
101_441.mp3,101,0153.mp3
109_469.mp3,109,0154.mp3
102_447.mp3,102,0155.mp3
109_402.mp3,109,0156.mp3
107_430.mp3,107,0157.mp3
100_465.mp3,100,0158.mp3
111_458.mp3,111,0159.mp3
105_458.mp3,105,0160.mp3
104_430.mp3,104,0161.mp3
114_468.mp3,114,0162.mp3
101_414.mp3,101,0163.mp3
100_402.mp3,100,0164.mp3
102_403.mp3,102,0165.mp3
109_424.mp3,109,0166.mp3
107_404.mp3,107,0167.mp3
113_456.mp3,113,0168.mp3
109_422.mp3,109,0169.mp3
113_424.mp3,113,0170.mp3
107_468.mp3,107,0171.mp3
107_455.mp3,107,0172.mp3
113_428.mp3,113,0173.mp3
104_446.mp3,104,0174.mp3
106_401.mp3,106,0175.mp3
102_469.mp3,102,0176.mp3
101_467.mp3,101,0177.mp3
105_408.mp3,105,0178.mp3
100_401.mp3,100,0179.mp3
114_470.mp3,114,0180.mp3
107_459.mp3,107,0181.mp3
103_437.mp3,103,0182.mp3
105_467.mp3,105,0183.mp3
103_446.mp3,103,0184.mp3
106_449.mp3,106,0185.mp3
110_407.mp3,110,0186.mp3
105_441.mp3,105,0187.mp3
111_404.mp3,111,0188.mp3
104_415.mp3,104,0189.mp3
112_452.mp3,112,0190.mp3
106_468.mp3,106,0191.mp3
113_425.mp3,113,0192.mp3
113_441.mp3,113,0193.mp3
103_469.mp3,103,0194.mp3
102_437.mp3,102,0195.mp3
100_457.mp3,100,0196.mp3
109_460.mp3,109,0197.mp3
111_420.mp3,111,0198.mp3
101_412.mp3,101,0199.mp3
108_444.mp3,108,0200.mp3
103_418.mp3,103,0201.mp3
103_450.mp3,103,0202.mp3
102_417.mp3,102,0203.mp3
108_449.mp3,108,0204.mp3
110_432.mp3,110,0205.mp3
108_446.mp3,108,0206.mp3
102_464.mp3,102,0207.mp3
102_422.mp3,102,0208.mp3
105_448.mp3,105,0209.mp3
100_417.mp3,100,0210.mp3
104_413.mp3,104,0211.mp3
100_415.mp3,100,0212.mp3
112_449.mp3,112,0213.mp3
109_439.mp3,109,0214.mp3
108_416.mp3,108,0215.mp3
114_415.mp3,114,0216.mp3
113_471.mp3,113,0217.mp3
104_463.mp3,104,0218.mp3
108_452.mp3,108,0219.mp3
111_412.mp3,111,0220.mp3
104_433.mp3,104,0221.mp3
104_468.mp3,104,0222.mp3
110_458.mp3,110,0223.mp3
105_462.mp3,105,0224.mp3
114_455.mp3,114,0225.mp3
102_461.mp3,102,0226.mp3
107_461.mp3,107,0227.mp3
105_433.mp3,105,0228.mp3
114_407.mp3,114,0229.mp3
104_412.mp3,104,0230.mp3
100_475.mp3,100,0231.mp3
103_468.mp3,103,0232.mp3
109_408.mp3,109,0233.mp3
105_469.mp3,105,0234.mp3
106_469.mp3,106,0235.mp3
105_439.mp3,105,0236.mp3
102_468.mp3,102,0237.mp3
101_405.mp3,101,0238.mp3
100_434.mp3,100,0239.mp3
104_432.mp3,104,0240.mp3
101_439.mp3,101,0241.mp3
104_457.mp3,104,0242.mp3
105_405.mp3,105,0243.mp3
100_453.mp3,100,0244.mp3
100_414.mp3,100,0245.mp3
112_409.mp3,112,0246.mp3
101_432.mp3,101,0247.mp3
107_441.mp3,107,0248.mp3
113_426.mp3,113,0249.mp3
113_460.mp3,113,0250.mp3
114_464.mp3,114,0251.mp3
100_424.mp3,100,0252.mp3
103_440.mp3,103,0253.mp3
107_439.mp3,107,0254.mp3
104_410.mp3,104,0255.mp3
110_442.mp3,110,0256.mp3
111_410.mp3,111,0257.mp3
101_407.mp3,101,0258.mp3
113_452.mp3,113,0259.mp3
104_465.mp3,104,0260.mp3
113_455.mp3,113,0261.mp3
103_456.mp3,103,0262.mp3
103_425.mp3,103,0263.mp3
101_465.mp3,101,0264.mp3
104_442.mp3,104,0265.mp3
100_416.mp3,100,0266.mp3
114_472.mp3,114,0267.mp3
108_436.mp3,108,0268.mp3
107_435.mp3,107,0269.mp3
108_440.mp3,108,0270.mp3
102_443.mp3,102,0271.mp3
106_418.mp3,106,0272.mp3
101_472.mp3,101,0273.mp3
112_424.mp3,112,0274.mp3
109_431.mp3,109,0275.mp3
101_457.mp3,101,0276.mp3
105_401.mp3,105,0277.mp3
110_453.mp3,110,0278.mp3
112_414.mp3,112,0279.mp3
101_436.mp3,101,0280.mp3
109_437.mp3,109,0281.mp3
103_424.mp3,103,0282.mp3
105_461.mp3,105,0283.mp3
106_415.mp3,106,0284.mp3
111_416.mp3,111,0285.mp3
111_414.mp3,111,0286.mp3
109_411.mp3,109,0287.mp3
113_442.mp3,113,0288.mp3
110_438.mp3,110,0289.mp3
102_442.mp3,102,0290.mp3
114_469.mp3,114,0291.mp3
107_464.mp3,107,0292.mp3
107_467.mp3,107,0293.mp3
111_463.mp3,111,0294.mp3
114_412.mp3,114,0295.mp3
100_472.mp3,100,0296.mp3
108_407.mp3,108,0297.mp3
107_465.mp3,107,0298.mp3
113_403.mp3,113,0299.mp3
110_422.mp3,110,0300.mp3
114_458.mp3,114,0301.mp3
103_435.mp3,103,0302.mp3
102_419.mp3,102,0303.mp3
114_442.mp3,114,0304.mp3
106_408.mp3,106,0305.mp3
104_424.mp3,104,0306.mp3
101_448.mp3,101,0307.mp3
107_415.mp3,107,0308.mp3
114_465.mp3,114,0309.mp3
114_457.mp3,114,0310.mp3
111_406.mp3,111,0311.mp3
105_445.mp3,105,0312.mp3
103_448.mp3,103,0313.mp3
100_421.mp3,100,0314.mp3
107_406.mp3,107,0315.mp3
112_438.mp3,112,0316.mp3
113_438.mp3,113,0317.mp3
112_469.mp3,112,0318.mp3
103_465.mp3,103,0319.mp3
106_433.mp3,106,0320.mp3
103_401.mp3,103,0321.mp3
112_403.mp3,112,0322.mp3
106_464.mp3,106,0323.mp3
112_453.mp3,112,0324.mp3
114_460.mp3,114,0325.mp3
108_402.mp3,108,0326.mp3
109_456.mp3,109,0327.mp3
106_466.mp3,106,0328.mp3
101_431.mp3,101,0329.mp3
114_429.mp3,114,0330.mp3
104_458.mp3,104,0331.mp3
106_445.mp3,106,0332.mp3
107_425.mp3,107,0333.mp3
103_452.mp3,103,0334.mp3
103_421.mp3,103,0335.mp3
101_408.mp3,101,0336.mp3
109_415.mp3,109,0337.mp3
109_471.mp3,109,0338.mp3
105_459.mp3,105,0339.mp3
104_425.mp3,104,0340.mp3
111_405.mp3,111,0341.mp3
103_445.mp3,103,0342.mp3
113_439.mp3,113,0343.mp3
102_456.mp3,102,0344.mp3
102_448.mp3,102,0345.mp3
112_419.mp3,112,0346.mp3
100_460.mp3,100,0347.mp3
109_416.mp3,109,0348.mp3
103_444.mp3,103,0349.mp3
104_452.mp3,104,0350.mp3
103_434.mp3,103,0351.mp3
103_470.mp3,103,0352.mp3
102_412.mp3,102,0353.mp3
110_434.mp3,110,0354.mp3
100_422.mp3,100,0355.mp3
109_448.mp3,109,0356.mp3
114_447.mp3,114,0357.mp3
111_434.mp3,111,0358.mp3
108_470.mp3,108,0359.mp3
106_437.mp3,106,0360.mp3
105_407.mp3,105,0361.mp3
110_457.mp3,110,0362.mp3
102_421.mp3,102,0363.mp3
103_447.mp3,103,0364.mp3
102_433.mp3,102,0365.mp3
114_401.mp3,114,0366.mp3
103_409.mp3,103,0367.mp3
108_404.mp3,108,0368.mp3
102_471.mp3,102,0369.mp3
112_464.mp3,112,0370.mp3
109_425.mp3,109,0371.mp3
106_402.mp3,106,0372.mp3
107_466.mp3,107,0373.mp3
111_425.mp3,111,0374.mp3
100_469.mp3,100,0375.mp3
108_432.mp3,108,0376.mp3
110_456.mp3,110,0377.mp3
100_411.mp3,100,0378.mp3
111_437.mp3,111,0379.mp3
101_466.mp3,101,0380.mp3
105_422.mp3,105,0381.mp3
104_418.mp3,104,0382.mp3
111_403.mp3,111,0383.mp3
106_440.mp3,106,0384.mp3
107_453.mp3,107,0385.mp3
105_465.mp3,105,0386.mp3
109_453.mp3,109,0387.mp3
110_440.mp3,110,0388.mp3
105_463.mp3,105,0389.mp3
107_429.mp3,107,0390.mp3
102_473.mp3,102,0391.mp3
114_452.mp3,114,0392.mp3
102_444.mp3,102,0393.mp3
113_435.mp3,113,0394.mp3
102_465.mp3,102,0395.mp3
111_447.mp3,111,0396.mp3
101_454.mp3,101,0397.mp3
100_463.mp3,100,0398.mp3
103_411.mp3,103,0399.mp3
114_445.mp3,114,0400.mp3
101_479.mp3,101,0401.mp3
114_409.mp3,114,0402.mp3
107_408.mp3,107,0403.mp3
101_450.mp3,101,0404.mp3
112_400.mp3,112,0405.mp3
107_432.mp3,107,0406.mp3
101_442.mp3,101,0407.mp3
114_473.mp3,114,0408.mp3
101_463.mp3,101,0409.mp3
106_462.mp3,106,0410.mp3
111_467.mp3,111,0411.mp3
112_433.mp3,112,0412.mp3
101_410.mp3,101,0413.mp3
107_456.mp3,107,0414.mp3
109_455.mp3,109,0415.mp3
106_412.mp3,106,0416.mp3
100_429.mp3,100,0417.mp3
102_454.mp3,102,0418.mp3
113_469.mp3,113,0419.mp3
103_410.mp3,103,0420.mp3
110_410.mp3,110,0421.mp3
108_411.mp3,108,0422.mp3
105_443.mp3,105,0423.mp3
113_449.mp3,113,0424.mp3
101_417.mp3,101,0425.mp3
114_438.mp3,114,0426.mp3
114_416.mp3,114,0427.mp3
107_444.mp3,107,0428.mp3
102_474.mp3,102,0429.mp3
108_439.mp3,108,0430.mp3
104_404.mp3,104,0431.mp3
111_418.mp3,111,0432.mp3
100_437.mp3,100,0433.mp3
104_405.mp3,104,0434.mp3
110_400.mp3,110,0435.mp3
110_418.mp3,110,0436.mp3
108_465.mp3,108,0437.mp3
110_441.mp3,110,0438.mp3
113_416.mp3,113,0439.mp3
105_470.mp3,105,0440.mp3
112_456.mp3,112,0441.mp3
102_440.mp3,102,0442.mp3
108_448.mp3,108,0443.mp3
103_467.mp3,103,0444.mp3
110_413.mp3,110,0445.mp3
112_418.mp3,112,0446.mp3
107_454.mp3,107,0447.mp3
103_416.mp3,103,0448.mp3
105_423.mp3,105,0449.mp3
111_429.mp3,111,0450.mp3
105_421.mp3,105,0451.mp3
104_440.mp3,104,0452.mp3
107_400.mp3,107,0453.mp3
110_406.mp3,110,0454.mp3
108_441.mp3,108,0455.mp3
108_413.mp3,108,0456.mp3
110_426.mp3,110,0457.mp3
102_472.mp3,102,0458.mp3
109_463.mp3,109,0459.mp3
108_417.mp3,108,0460.mp3
110_402.mp3,110,0461.mp3
113_450.mp3,113,0462.mp3
109_427.mp3,109,0463.mp3
110_437.mp3,110,0464.mp3
109_451.mp3,109,0465.mp3
100_458.mp3,100,0466.mp3
114_402.mp3,114,0467.mp3
109_444.mp3,109,0468.mp3
103_400.mp3,103,0469.mp3
103_460.mp3,103,0470.mp3
107_458.mp3,107,0471.mp3
100_420.mp3,100,0472.mp3
102_426.mp3,102,0473.mp3
108_431.mp3,108,0474.mp3
111_424.mp3,111,0475.mp3
111_419.mp3,111,0476.mp3
112_435.mp3,112,0477.mp3
111_450.mp3,111,0478.mp3
102_439.mp3,102,0479.mp3
109_418.mp3,109,0480.mp3
107_403.mp3,107,0481.mp3
104_464.mp3,104,0482.mp3
104_409.mp3,104,0483.mp3
104_431.mp3,104,0484.mp3
105_413.mp3,105,0485.mp3
112_437.mp3,112,0486.mp3
101_433.mp3,101,0487.mp3
111_466.mp3,111,0488.mp3
113_446.mp3,113,0489.mp3
105_450.mp3,105,0490.mp3
100_440.mp3,100,0491.mp3
114_404.mp3,114,0492.mp3
104_426.mp3,104,0493.mp3
111_435.mp3,111,0494.mp3
104_428.mp3,104,0495.mp3
108_450.mp3,108,0496.mp3
111_401.mp3,111,0497.mp3
104_408.mp3,104,0498.mp3
101_438.mp3,101,0499.mp3
111_468.mp3,111,0500.mp3
110_445.mp3,110,0501.mp3
100_400.mp3,100,0502.mp3
111_446.mp3,111,0503.mp3
106_455.mp3,106,0504.mp3
110_414.mp3,110,0505.mp3
109_464.mp3,109,0506.mp3
112_442.mp3,112,0507.mp3
101_469.mp3,101,0508.mp3
106_443.mp3,106,0509.mp3
103_436.mp3,103,0510.mp3
107_470.mp3,107,0511.mp3
109_468.mp3,109,0512.mp3
108_445.mp3,108,0513.mp3
106_427.mp3,106,0514.mp3
101_440.mp3,101,0515.mp3
109_400.mp3,109,0516.mp3
111_432.mp3,111,0517.mp3
111_407.mp3,111,0518.mp3
106_459.mp3,106,0519.mp3
102_449.mp3,102,0520.mp3
109_414.mp3,109,0521.mp3
104_407.mp3,104,0522.mp3
111_461.mp3,111,0523.mp3
108_459.mp3,108,0524.mp3
108_442.mp3,108,0525.mp3
101_430.mp3,101,0526.mp3
113_406.mp3,113,0527.mp3
108_406.mp3,108,0528.mp3
113_412.mp3,113,0529.mp3
110_448.mp3,110,0530.mp3
113_419.mp3,113,0531.mp3
102_405.mp3,102,0532.mp3
109_405.mp3,109,0533.mp3
105_452.mp3,105,0534.mp3
110_436.mp3,110,0535.mp3
102_436.mp3,102,0536.mp3
109_440.mp3,109,0537.mp3
107_413.mp3,107,0538.mp3
106_419.mp3,106,0539.mp3
106_434.mp3,106,0540.mp3
114_413.mp3,114,0541.mp3
106_442.mp3,106,0542.mp3
108_454.mp3,108,0543.mp3
108_414.mp3,108,0544.mp3
113_444.mp3,113,0545.mp3
100_455.mp3,100,0546.mp3
104_438.mp3,104,0547.mp3
113_467.mp3,113,0548.mp3
113_454.mp3,113,0549.mp3
103_413.mp3,103,0550.mp3
105_464.mp3,105,0551.mp3
114_423.mp3,114,0552.mp3
102_446.mp3,102,0553.mp3
108_458.mp3,108,0554.mp3
106_438.mp3,106,0555.mp3
101_413.mp3,101,0556.mp3
103_453.mp3,103,0557.mp3
109_459.mp3,109,0558.mp3
112_467.mp3,112,0559.mp3
109_438.mp3,109,0560.mp3
113_432.mp3,113,0561.mp3
103_439.mp3,103,0562.mp3
111_442.mp3,111,0563.mp3
104_400.mp3,104,0564.mp3
109_417.mp3,109,0565.mp3
112_443.mp3,112,0566.mp3
103_464.mp3,103,0567.mp3
113_418.mp3,113,0568.mp3
100_452.mp3,100,0569.mp3
114_422.mp3,114,0570.mp3
103_432.mp3,103,0571.mp3
109_432.mp3,109,0572.mp3
100_468.mp3,100,0573.mp3
109_406.mp3,109,0574.mp3
113_408.mp3,113,0575.mp3
101_401.mp3,101,0576.mp3
104_453.mp3,104,0577.mp3
100_470.mp3,100,0578.mp3
106_409.mp3,106,0579.mp3
101_471.mp3,101,0580.mp3
107_442.mp3,107,0581.mp3
100_426.mp3,100,0582.mp3
101_420.mp3,101,0583.mp3
107_438.mp3,107,0584.mp3
105_419.mp3,105,0585.mp3
108_456.mp3,108,0586.mp3
100_433.mp3,100,0587.mp3
107_457.mp3,107,0588.mp3
104_416.mp3,104,0589.mp3
108_457.mp3,108,0590.mp3
108_427.mp3,108,0591.mp3
107_440.mp3,107,0592.mp3
110_444.mp3,110,0593.mp3
100_438.mp3,100,0594.mp3
101_475.mp3,101,0595.mp3
101_424.mp3,101,0596.mp3
103_408.mp3,103,0597.mp3
100_403.mp3,100,0598.mp3
103_449.mp3,103,0599.mp3
114_420.mp3,114,0600.mp3
105_431.mp3,105,0601.mp3
106_450.mp3,106,0602.mp3
104_406.mp3,104,0603.mp3
107_451.mp3,107,0604.mp3
109_461.mp3,109,0605.mp3
114_406.mp3,114,0606.mp3
103_417.mp3,103,0607.mp3
102_438.mp3,102,0608.mp3
108_467.mp3,108,0609.mp3
105_400.mp3,105,0610.mp3
101_461.mp3,101,0611.mp3
101_473.mp3,101,0612.mp3
107_420.mp3,107,0613.mp3
100_456.mp3,100,0614.mp3
106_417.mp3,106,0615.mp3
107_416.mp3,107,0616.mp3
114_408.mp3,114,0617.mp3
104_475.mp3,104,0618.mp3
112_446.mp3,112,0619.mp3
105_438.mp3,105,0620.mp3
105_428.mp3,105,0621.mp3
112_426.mp3,112,0622.mp3
101_422.mp3,101,0623.mp3
110_419.mp3,110,0624.mp3
111_427.mp3,111,0625.mp3
107_447.mp3,107,0626.mp3
114_410.mp3,114,0627.mp3
107_471.mp3,107,0628.mp3
109_409.mp3,109,0629.mp3
109_410.mp3,109,0630.mp3
106_453.mp3,106,0631.mp3
106_451.mp3,106,0632.mp3
102_463.mp3,102,0633.mp3
105_435.mp3,105,0634.mp3
113_468.mp3,113,0635.mp3
114_475.mp3,114,0636.mp3
109_441.mp3,109,0637.mp3
105_429.mp3,105,0638.mp3
104_454.mp3,104,0639.mp3
103_420.mp3,103,0640.mp3
106_447.mp3,106,0641.mp3
100_441.mp3,100,0642.mp3
113_400.mp3,113,0643.mp3
105_415.mp3,105,0644.mp3
112_415.mp3,112,0645.mp3
113_407.mp3,113,0646.mp3
109_462.mp3,109,0647.mp3
114_466.mp3,114,0648.mp3
101_464.mp3,101,0649.mp3
113_404.mp3,113,0650.mp3
100_419.mp3,100,0651.mp3
101_427.mp3,101,0652.mp3
103_454.mp3,103,0653.mp3
107_437.mp3,107,0654.mp3
100_406.mp3,100,0655.mp3
106_413.mp3,106,0656.mp3
111_423.mp3,111,0657.mp3
103_472.mp3,103,0658.mp3
112_407.mp3,112,0659.mp3
114_456.mp3,114,0660.mp3
107_410.mp3,107,0661.mp3
106_425.mp3,106,0662.mp3
110_404.mp3,110,0663.mp3
111_462.mp3,111,0664.mp3
102_462.mp3,102,0665.mp3
108_408.mp3,108,0666.mp3
103_404.mp3,103,0667.mp3
101_415.mp3,101,0668.mp3
110_433.mp3,110,0669.mp3
113_466.mp3,113,0670.mp3
102_401.mp3,102,0671.mp3
103_402.mp3,103,0672.mp3
101_402.mp3,101,0673.mp3
113_409.mp3,113,0674.mp3
111_411.mp3,111,0675.mp3
114_419.mp3,114,0676.mp3
106_456.mp3,106,0677.mp3
106_423.mp3,106,0678.mp3
100_471.mp3,100,0679.mp3
110_408.mp3,110,0680.mp3
101_459.mp3,101,0681.mp3
100_459.mp3,100,0682.mp3
105_442.mp3,105,0683.mp3
105_444.mp3,105,0684.mp3
101_416.mp3,101,0685.mp3
105_412.mp3,105,0686.mp3
112_465.mp3,112,0687.mp3
109_467.mp3,109,0688.mp3
104_466.mp3,104,0689.mp3
114_421.mp3,114,0690.mp3
113_447.mp3,113,0691.mp3
103_429.mp3,103,0692.mp3
112_420.mp3,112,0693.mp3
111_464.mp3,111,0694.mp3
108_424.mp3,108,0695.mp3
111_465.mp3,111,0696.mp3
104_472.mp3,104,0697.mp3
109_470.mp3,109,0698.mp3
108_455.mp3,108,0699.mp3
100_449.mp3,100,0700.mp3
112_463.mp3,112,0701.mp3
104_441.mp3,104,0702.mp3
101_418.mp3,101,0703.mp3
112_441.mp3,112,0704.mp3
102_416.mp3,102,0705.mp3
100_435.mp3,100,0706.mp3
101_447.mp3,101,0707.mp3
104_450.mp3,104,0708.mp3
104_402.mp3,104,0709.mp3
107_436.mp3,107,0710.mp3
109_434.mp3,109,0711.mp3
105_436.mp3,105,0712.mp3
111_454.mp3,111,0713.mp3
112_404.mp3,112,0714.mp3
103_471.mp3,103,0715.mp3
105_457.mp3,105,0716.mp3
106_452.mp3,106,0717.mp3
104_439.mp3,104,0718.mp3
114_437.mp3,114,0719.mp3
100_425.mp3,100,0720.mp3
103_415.mp3,103,0721.mp3
104_449.mp3,104,0722.mp3
112_410.mp3,112,0723.mp3
111_436.mp3,111,0724.mp3
103_430.mp3,103,0725.mp3
106_422.mp3,106,0726.mp3
101_446.mp3,101,0727.mp3
114_467.mp3,114,0728.mp3
111_439.mp3,111,0729.mp3
107_412.mp3,107,0730.mp3
101_423.mp3,101,0731.mp3
110_455.mp3,110,0732.mp3
105_427.mp3,105,0733.mp3
110_461.mp3,110,0734.mp3
110_451.mp3,110,0735.mp3
105_406.mp3,105,0736.mp3
102_451.mp3,102,0737.mp3
111_456.mp3,111,0738.mp3
108_426.mp3,108,0739.mp3
101_421.mp3,101,0740.mp3
109_419.mp3,109,0741.mp3
112_412.mp3,112,0742.mp3
103_405.mp3,103,0743.mp3
102_418.mp3,102,0744.mp3
103_414.mp3,103,0745.mp3
105_473.mp3,105,0746.mp3
104_461.mp3,104,0747.mp3
113_414.mp3,113,0748.mp3
110_412.mp3,110,0749.mp3
100_454.mp3,100,0750.mp3
112_408.mp3,112,0751.mp3
101_462.mp3,101,0752.mp3
102_457.mp3,102,0753.mp3
114_451.mp3,114,0754.mp3
100_405.mp3,100,0755.mp3
108_425.mp3,108,0756.mp3
113_402.mp3,113,0757.mp3
101_480.mp3,101,0758.mp3
108_438.mp3,108,0759.mp3
105_434.mp3,105,0760.mp3
107_421.mp3,107,0761.mp3
110_447.mp3,110,0762.mp3
107_428.mp3,107,0763.mp3
113_470.mp3,113,0764.mp3
112_460.mp3,112,0765.mp3
102_407.mp3,102,0766.mp3
112_448.mp3,112,0767.mp3
111_408.mp3,111,0768.mp3
111_433.mp3,111,0769.mp3
101_468.mp3,101,0770.mp3
106_431.mp3,106,0771.mp3
100_423.mp3,100,0772.mp3
105_453.mp3,105,0773.mp3
100_408.mp3,100,0774.mp3
106_405.mp3,106,0775.mp3
102_450.mp3,102,0776.mp3
108_401.mp3,108,0777.mp3
100_474.mp3,100,0778.mp3
104_427.mp3,104,0779.mp3
106_406.mp3,106,0780.mp3
106_446.mp3,106,0781.mp3
109_435.mp3,109,0782.mp3
100_447.mp3,100,0783.mp3
108_466.mp3,108,0784.mp3
114_434.mp3,114,0785.mp3
108_429.mp3,108,0786.mp3
106_460.mp3,106,0787.mp3
111_438.mp3,111,0788.mp3
105_403.mp3,105,0789.mp3
105_410.mp3,105,0790.mp3
113_433.mp3,113,0791.mp3
108_419.mp3,108,0792.mp3
105_437.mp3,105,0793.mp3
108_462.mp3,108,0794.mp3
111_400.mp3,111,0795.mp3
107_418.mp3,107,0796.mp3
103_428.mp3,103,0797.mp3
113_423.mp3,113,0798.mp3
113_410.mp3,113,0799.mp3
104_420.mp3,104,0800.mp3
111_452.mp3,111,0801.mp3
100_451.mp3,100,0802.mp3
103_438.mp3,103,0803.mp3
110_401.mp3,110,0804.mp3
101_456.mp3,101,0805.mp3
110_428.mp3,110,0806.mp3
103_441.mp3,103,0807.mp3
106_410.mp3,106,0808.mp3
106_448.mp3,106,0809.mp3
112_422.mp3,112,0810.mp3
102_430.mp3,102,0811.mp3
112_431.mp3,112,0812.mp3
107_463.mp3,107,0813.mp3
107_433.mp3,107,0814.mp3
111_444.mp3,111,0815.mp3
100_444.mp3,100,0816.mp3
100_436.mp3,100,0817.mp3
101_409.mp3,101,0818.mp3
100_467.mp3,100,0819.mp3
110_423.mp3,110,0820.mp3
111_431.mp3,111,0821.mp3
110_424.mp3,110,0822.mp3
113_436.mp3,113,0823.mp3
105_420.mp3,105,0824.mp3
111_430.mp3,111,0825.mp3
113_458.mp3,113,0826.mp3
112_428.mp3,112,0827.mp3
103_451.mp3,103,0828.mp3
114_428.mp3,114,0829.mp3
112_406.mp3,112,0830.mp3
102_435.mp3,102,0831.mp3
100_412.mp3,100,0832.mp3
111_455.mp3,111,0833.mp3
104_437.mp3,104,0834.mp3
109_445.mp3,109,0835.mp3
102_420.mp3,102,0836.mp3
101_470.mp3,101,0837.mp3
114_441.mp3,114,0838.mp3
104_411.mp3,104,0839.mp3
106_414.mp3,106,0840.mp3
100_473.mp3,100,0841.mp3
104_421.mp3,104,0842.mp3
110_425.mp3,110,0843.mp3
114_426.mp3,114,0844.mp3
105_402.mp3,105,0845.mp3
109_404.mp3,109,0846.mp3
106_416.mp3,106,0847.mp3
101_477.mp3,101,0848.mp3
112_457.mp3,112,0849.mp3
111_409.mp3,111,0850.mp3
105_456.mp3,105,0851.mp3
112_445.mp3,112,0852.mp3
105_409.mp3,105,0853.mp3
102_402.mp3,102,0854.mp3
100_407.mp3,100,0855.mp3
113_445.mp3,113,0856.mp3
114_431.mp3,114,0857.mp3
113_431.mp3,113,0858.mp3
108_410.mp3,108,0859.mp3
107_405.mp3,107,0860.mp3
107_446.mp3,107,0861.mp3
113_427.mp3,113,0862.mp3
114_446.mp3,114,0863.mp3
110_462.mp3,110,0864.mp3
112_458.mp3,112,0865.mp3
111_460.mp3,111,0866.mp3
105_454.mp3,105,0867.mp3
102_453.mp3,102,0868.mp3
114_449.mp3,114,0869.mp3
101_426.mp3,101,0870.mp3
102_445.mp3,102,0871.mp3
112_439.mp3,112,0872.mp3
101_437.mp3,101,0873.mp3
110_449.mp3,110,0874.mp3
112_440.mp3,112,0875.mp3
114_424.mp3,114,0876.mp3
104_403.mp3,104,0877.mp3
112_425.mp3,112,0878.mp3
113_437.mp3,113,0879.mp3
100_413.mp3,100,0880.mp3
102_441.mp3,102,0881.mp3
103_466.mp3,103,0882.mp3
113_443.mp3,113,0883.mp3
106_420.mp3,106,0884.mp3
103_422.mp3,103,0885.mp3
111_417.mp3,111,0886.mp3
110_411.mp3,110,0887.mp3
111_448.mp3,111,0888.mp3
105_471.mp3,105,0889.mp3
107_460.mp3,107,0890.mp3
111_443.mp3,111,0891.mp3
104_419.mp3,104,0892.mp3
106_435.mp3,106,0893.mp3
114_461.mp3,114,0894.mp3
111_402.mp3,111,0895.mp3
107_469.mp3,107,0896.mp3
109_436.mp3,109,0897.mp3
100_464.mp3,100,0898.mp3
112_432.mp3,112,0899.mp3
103_442.mp3,103,0900.mp3
110_421.mp3,110,0901.mp3
105_460.mp3,105,0902.mp3
114_427.mp3,114,0903.mp3
109_430.mp3,109,0904.mp3
107_431.mp3,107,0905.mp3
103_423.mp3,103,0906.mp3
101_453.mp3,101,0907.mp3
106_429.mp3,106,0908.mp3
110_415.mp3,110,0909.mp3
114_405.mp3,114,0910.mp3
110_450.mp3,110,0911.mp3
113_422.mp3,113,0912.mp3
104_448.mp3,104,0913.mp3
111_441.mp3,111,0914.mp3
104_401.mp3,104,0915.mp3
109_413.mp3,109,0916.mp3
103_407.mp3,103,0917.mp3
107_414.mp3,107,0918.mp3
108_460.mp3,108,0919.mp3
104_444.mp3,104,0920.mp3
108_468.mp3,108,0921.mp3
109_449.mp3,109,0922.mp3
114_474.mp3,114,0923.mp3
103_403.mp3,103,0924.mp3
100_428.mp3,100,0925.mp3
112_417.mp3,112,0926.mp3
112_413.mp3,112,0927.mp3
102_415.mp3,102,0928.mp3
113_461.mp3,113,0929.mp3
102_467.mp3,102,0930.mp3
100_462.mp3,100,0931.mp3
106_407.mp3,106,0932.mp3
109_412.mp3,109,0933.mp3
100_443.mp3,100,0934.mp3
112_466.mp3,112,0935.mp3
104_434.mp3,104,0936.mp3
109_443.mp3,109,0937.mp3
101_460.mp3,101,0938.mp3
112_421.mp3,112,0939.mp3
114_436.mp3,114,0940.mp3
102_423.mp3,102,0941.mp3
108_437.mp3,108,0942.mp3
106_424.mp3,106,0943.mp3
103_443.mp3,103,0944.mp3
102_404.mp3,102,0945.mp3
108_405.mp3,108,0946.mp3
103_459.mp3,103,0947.mp3
102_410.mp3,102,0948.mp3
102_425.mp3,102,0949.mp3
107_452.mp3,107,0950.mp3
107_401.mp3,107,0951.mp3
104_423.mp3,104,0952.mp3
111_445.mp3,111,0953.mp3
103_426.mp3,103,0954.mp3
105_416.mp3,105,0955.mp3
109_429.mp3,109,0956.mp3
102_431.mp3,102,0957.mp3
112_447.mp3,112,0958.mp3
108_420.mp3,108,0959.mp3
102_413.mp3,102,0960.mp3
113_451.mp3,113,0961.mp3
102_452.mp3,102,0962.mp3
105_430.mp3,105,0963.mp3
108_443.mp3,108,0964.mp3
105_468.mp3,105,0965.mp3
107_443.mp3,107,0966.mp3
108_409.mp3,108,0967.mp3
105_472.mp3,105,0968.mp3
110_454.mp3,110,0969.mp3
100_410.mp3,100,0970.mp3
111_422.mp3,111,0971.mp3
104_414.mp3,104,0972.mp3
101_452.mp3,101,0973.mp3
104_456.mp3,104,0974.mp3
106_430.mp3,106,0975.mp3
110_429.mp3,110,0976.mp3
106_461.mp3,106,0977.mp3
102_427.mp3,102,0978.mp3
106_444.mp3,106,0979.mp3
105_417.mp3,105,0980.mp3
107_423.mp3,107,0981.mp3
102_466.mp3,102,0982.mp3
114_435.mp3,114,0983.mp3
109_466.mp3,109,0984.mp3
112_401.mp3,112,0985.mp3
102_459.mp3,102,0986.mp3
114_411.mp3,114,0987.mp3
105_432.mp3,105,0988.mp3
104_462.mp3,104,0989.mp3
101_476.mp3,101,0990.mp3
113_459.mp3,113,0991.mp3
114_433.mp3,114,0992.mp3
106_463.mp3,106,0993.mp3
101_434.mp3,101,0994.mp3
108_423.mp3,108,0995.mp3
102_458.mp3,102,0996.mp3
101_419.mp3,101,0997.mp3
105_404.mp3,105,0998.mp3
107_462.mp3,107,0999.mp3
103_419.mp3,103,1000.mp3
102_455.mp3,102,1001.mp3
111_428.mp3,111,1002.mp3
113_420.mp3,113,1003.mp3
113_462.mp3,113,1004.mp3
114_400.mp3,114,1005.mp3
103_462.mp3,103,1006.mp3
107_422.mp3,107,1007.mp3
100_439.mp3,100,1008.mp3
114_418.mp3,114,1009.mp3
114_471.mp3,114,1010.mp3
106_441.mp3,106,1011.mp3
100_442.mp3,100,1012.mp3
111_440.mp3,111,1013.mp3
106_454.mp3,106,1014.mp3
105_440.mp3,105,1015.mp3
100_404.mp3,100,1016.mp3
107_407.mp3,107,1017.mp3
108_421.mp3,108,1018.mp3
110_427.mp3,110,1019.mp3
104_429.mp3,104,1020.mp3
100_430.mp3,100,1021.mp3
101_411.mp3,101,1022.mp3
100_446.mp3,100,1023.mp3
108_418.mp3,108,1024.mp3
109_433.mp3,109,1025.mp3
101_403.mp3,101,1026.mp3
104_445.mp3,104,1027.mp3
110_459.mp3,110,1028.mp3
114_414.mp3,114,1029.mp3
107_402.mp3,107,1030.mp3
114_444.mp3,114,1031.mp3
102_406.mp3,102,1032.mp3
107_449.mp3,107,1033.mp3
106_400.mp3,106,1034.mp3
112_423.mp3,112,1035.mp3
106_436.mp3,106,1036.mp3
109_457.mp3,109,1037.mp3
104_447.mp3,104,1038.mp3
114_462.mp3,114,1039.mp3
109_423.mp3,109,1040.mp3
101_451.mp3,101,1041.mp3
105_425.mp3,105,1042.mp3
106_421.mp3,106,1043.mp3
109_403.mp3,109,1044.mp3
110_439.mp3,110,1045.mp3
100_461.mp3,100,1046.mp3
103_412.mp3,103,1047.mp3
101_455.mp3,101,1048.mp3
112_430.mp3,112,1049.mp3
113_465.mp3,113,1050.mp3
110_446.mp3,110,1051.mp3
106_411.mp3,106,1052.mp3
104_417.mp3,104,1053.mp3
113_421.mp3,113,1054.mp3
102_434.mp3,102,1055.mp3
102_414.mp3,102,1056.mp3
110_443.mp3,110,1057.mp3
109_426.mp3,109,1058.mp3
104_455.mp3,104,1059.mp3
112_411.mp3,112,1060.mp3
107_409.mp3,107,1061.mp3
107_434.mp3,107,1062.mp3
112_405.mp3,112,1063.mp3
112_451.mp3,112,1064.mp3
104_473.mp3,104,1065.mp3
102_424.mp3,102,1066.mp3
114_459.mp3,114,1067.mp3
112_461.mp3,112,1068.mp3
100_418.mp3,100,1069.mp3
114_454.mp3,114,1070.mp3
104_467.mp3,104,1071.mp3
108_463.mp3,108,1072.mp3
114_443.mp3,114,1073.mp3
111_415.mp3,111,1074.mp3
105_447.mp3,105,1075.mp3
105_411.mp3,105,1076.mp3
108_412.mp3,108,1077.mp3
101_425.mp3,101,1078.mp3
113_405.mp3,113,1079.mp3
106_457.mp3,106,1080.mp3
108_435.mp3,108,1081.mp3
112_402.mp3,112,1082.mp3
101_478.mp3,101,1083.mp3
109_420.mp3,109,1084.mp3
101_404.mp3,101,1085.mp3
108_453.mp3,108,1086.mp3
112_444.mp3,112,1087.mp3
112_470.mp3,112,1088.mp3
109_458.mp3,109,1089.mp3
111_457.mp3,111,1090.mp3
111_453.mp3,111,1091.mp3
103_455.mp3,103,1092.mp3
103_431.mp3,103,1093.mp3
108_403.mp3,108,1094.mp3
102_432.mp3,102,1095.mp3
106_428.mp3,106,1096.mp3
114_450.mp3,114,1097.mp3
